{
    "a1": [
        131.698134325565,
        86.88167425044912,
        77.1931732192228,
        105.92515253032809
    ],
    "b1": [
        125.38027220030115,
        78.43398255161887,
        86.75946007273014,
        104.80655737565098
    ],
    "c1": [
        120.55596427550778,
        69.3821669812385,
        98.38926881854823,
        102.22856420021327
    ],
    "d1": [
        116.80083494695461,
        59.44416858276925,
        112.68176196623936,
        97.87406945099139
    ],
    "e1": [
        113.81865049973376,
        47.64776370632387,
        131.4996852146615,
        90.85255107901463
    ],
    "f1": [
        111.40517943011852,
        27.52538291488113,
        167.66317179390538,
        74.81144529121349
    ],
    "g1": [
        109.41847074206112,
        "CHECK",
        109.60654478122062,
        0.0,
        160.39345521877937
    ],
    "h1": [
        107.75825848264267,
        "CHECK",
        108.09673958414453,
        0.0,
        161.90326041585547
    ],
    "a2": [
        122.47119229084849,
        93.58658570934134,
        70.51673544753335,
        105.89667884312533
    ],
    "b2": [
        116.89623696549337,
        84.0066614931641,
        80.30549941381686,
        105.68783909301904
    ],
    "c2": [
        112.86450812189965,
        74.25980763813901,
        91.9502043820937,
        103.78998797976729
    ],
    "d2": [
        109.84069808396835,
        64.0374293389238,
        105.8872705464107,
        100.07530011466551
    ],
    "e2": [
        107.50086126895285,
        52.569983146911056,
        123.41842011160965,
        94.01159674147931
    ],
    "f2": [
        105.64224645720873,
        37.076889549389264,
        149.8874577231829,
        83.03565272742783
    ],
    "g2": [
        104.13319054886293,
        "CHECK",
        110.11602468370704,
        0.0,
        159.88397531629295
    ],
    "h2": [
        102.88516939970327,
        "CHECK",
        108.49491816389379,
        0.0,
        161.50508183610623
    ],
    "a3": [
        110.89776549883887,
        98.76817126244742,
        65.91387492844605,
        105.31795380910653
    ],
    "b3": [
        106.92751306414704,
        88.08205208040238,
        75.93794466534814,
        105.98000325424948
    ],
    "c3": [
        104.19855402386317,
        77.67883325394813,
        87.67619282559714,
        104.64497392045473
    ],
    "d3": [
        102.21571913413086,
        67.13390545870128,
        101.48829014040061,
        101.37780440089811
    ],
    "e3": [
        100.71312302279104,
        55.707849785434846,
        118.43563577847682,
        95.85651443608833
    ],
    "f3": [
        99.53663575845941,
        41.38468416301323,
        142.22886926100122,
        86.38644657598554
    ],
    "g3": [
        98.59122543222765,
        "CHECK",
        110.47863868432528,
        0.0,
        159.5213613156747
    ],
    "h3": [
        97.81529354676688,
        "CHECK",
        108.77546790944567,
        0.0,
        161.22453209055433
    ],
    "a4": [
        97.25319461272534,
        101.66232277294176,
        63.55117304113157,
        104.78650418592667
    ],
    "b4": [
        95.79279649503216,
        90.26305183378923,
        73.72418196851592,
        106.01276619769484
    ],
    "c4": [
        94.82076607809266,
        79.4550166679077,
        85.53581546434944,
        105.00916786774286
    ],
    "d4": [
        94.12759170251172,
        68.70366945964558,
        99.31596045495297,
        101.98037008540145
    ],
    "e4": [
        93.60846885256635,
        57.25266924462008,
        116.03258812380298,
        96.71474263157694
    ],
    "f4": [
        93.2052159310135,
        43.31732790483697,
        138.86614167506895,
        87.81653042009408
    ],
    "g4": [
        92.88296345253954,
        "CHECK",
        110.66746911810532,
        0.0,
        159.33253088189468
    ],
    "h4": [
        92.61954879539468,
        "CHECK",
        108.92062202393755,
        0.0,
        161.07937797606246
    ],
    "a5": [
        82.74680538727466,
        101.66232277294176,
        63.55117304113157,
        104.78650418592667
    ],
    "b5": [
        84.20720350496784,
        90.26305183378923,
        73.72418196851592,
        106.01276619769484
    ],
    "c5": [
        85.17923392190734,
        79.4550166679077,
        85.53581546434944,
        105.00916786774286
    ],
    "d5": [
        85.87240829748828,
        68.70366945964558,
        99.31596045495297,
        101.98037008540145
    ],
    "e5": [
        86.39153114743365,
        57.25266924462008,
        116.03258812380298,
        96.71474263157694
    ],
    "f5": [
        86.7947840689865,
        43.31732790483697,
        138.86614167506895,
        87.81653042009408
    ],
    "g5": [
        87.11703654746046,
        "CHECK",
        110.66746911810532,
        0.0,
        159.33253088189468
    ],
    "h5": [
        87.38045120460532,
        "CHECK",
        108.92062202393755,
        0.0,
        161.07937797606246
    ],
    "a6": [
        69.10223450116113,
        98.76817126244742,
        65.91387492844605,
        105.31795380910653
    ],
    "b6": [
        73.07248693585296,
        88.08205208040238,
        75.93794466534814,
        105.98000325424948
    ],
    "c6": [
        75.80144597613683,
        77.67883325394813,
        87.67619282559714,
        104.64497392045473
    ],
    "d6": [
        77.78428086586914,
        67.13390545870128,
        101.48829014040061,
        101.37780440089811
    ],
    "e6": [
        79.28687697720896,
        55.707849785434846,
        118.43563577847682,
        95.85651443608833
    ],
    "f6": [
        80.46336424154059,
        41.38468416301323,
        142.22886926100122,
        86.38644657598554
    ],
    "g6": [
        81.40877456777235,
        "CHECK",
        110.47863868432528,
        0.0,
        159.5213613156747
    ],
    "h6": [
        82.18470645323312,
        "CHECK",
        108.77546790944567,
        0.0,
        161.22453209055433
    ],
    "a7": [
        57.52880770915151,
        93.58658570934134,
        70.51673544753335,
        105.89667884312533
    ],
    "b7": [
        63.10376303450663,
        84.0066614931641,
        80.30549941381686,
        105.68783909301904
    ],
    "c7": [
        67.13549187810035,
        74.25980763813901,
        91.9502043820937,
        103.78998797976729
    ],
    "d7": [
        70.15930191603165,
        64.0374293389238,
        105.8872705464107,
        100.07530011466551
    ],
    "e7": [
        72.49913873104715,
        52.569983146911056,
        123.41842011160965,
        94.01159674147931
    ],
    "f7": [
        74.35775354279127,
        37.076889549389264,
        149.8874577231829,
        83.03565272742783
    ],
    "g7": [
        75.86680945113707,
        "CHECK",
        110.11602468370704,
        0.0,
        159.88397531629295
    ],
    "h7": [
        77.11483060029673,
        "CHECK",
        108.49491816389379,
        0.0,
        161.50508183610623
    ],
    "a8": [
        48.301865674435,
        86.88167425044912,
        77.1931732192228,
        105.92515253032809
    ],
    "b8": [
        54.61972779969885,
        78.43398255161887,
        86.75946007273014,
        104.80655737565098
    ],
    "c8": [
        59.444035724492224,
        69.3821669812385,
        98.38926881854823,
        102.22856420021327
    ],