{
    "a1": [
        48.301865674435,
        86.88167425044912,
        102.8068267807772,
        74.07484746967191
    ],
    "b1": [
        54.61972779969885,
        78.43398255161887,
        93.24053992726986,
        75.19344262434902
    ],
    "c1": [
        59.444035724492224,
        69.3821669812385,
        81.61073118145177,
        77.77143579978673
    ],
    "d1": [
        63.19916505304539,
        59.44416858276925,
        67.31823803376064,
        82.12593054900861
    ],
    "e1": [
        66.18134950026624,
        47.64776370632387,
        48.5003147853385,
        89.14744892098537
    ],
    "f1": [
        68.59482056988148,
        27.52538291488113,
        12.336828206094623,
        105.18855470878651
    ],
    "g1": [
        70.58152925793888,
        "CHECK",
        109.60654478122062,
        180.0,
        19.60654478122062
    ],
    "h1": [
        72.24174151735733,
        "CHECK",
        108.09673958414453,
        180.0,
        18.09673958414453
    ],
    "a2": [
        57.52880770915151,
        93.58658570934134,
        109.48326455246665,
        74.10332115687467
    ],
    "b2": [
        63.10376303450663,
        84.0066614931641,
        99.69450058618314,
        74.31216090698095
    ],
    "c2": [
        67.13549187810035,
        74.25980763813901,
        88.0497956179063,
        76.21001202023271
    ],
    "d2": [
        70.15930191603165,
        64.0374293389238,
        74.1127294535893,
        79.92469988533449
    ],
    "e2": [
        72.49913873104715,
        52.569983146911056,
        56.58157988839035,
        85.98840325852069
    ],
    "f2": [
        74.35775354279127,
        37.076889549389264,
        30.112542276817095,
        96.96434727257217
    ],
    "g2": [
        75.86680945113707,
        "CHECK",
        110.11602468370704,
        180.0,
        20.11602468370704
    ],
    "h2": [
        77.11483060029673,
        "CHECK",
        108.49491816389379,
        180.0,
        18.494918163893786
    ],
    "a3": [
        69.10223450116113,
        98.76817126244742,
        114.08612507155395,
        74.68204619089346
    ],
    "b3": [
        73.07248693585296,
        88.08205208040238,
        104.06205533465186,
        74.01999674575052
    ],
    "c3": [
        75.80144597613683,
        77.67883325394813,
        92.32380717440286,
        75.35502607954527
    ],
    "d3": [
        77.78428086586914,
        67.13390545870128,
        78.51170985959939,
        78.62219559910189
    ],
    "e3": [
        79.28687697720896,
        55.707849785434846,
        61.56436422152318,
        84.14348556391167
    ],
    "f3": [
        80.46336424154059,
        41.38468416301323,
        37.77113073899878,
        93.61355342401446
    ],
    "g3": [
        81.40877456777235,
        "CHECK",
        110.47863868432528,
        180.0,
        20.478638684325276
    ],
    "h3": [
        82.18470645323312,
        "CHECK",
        108.77546790944567,
        180.0,
        18.775467909445666
    ],
    "a4": [
        82.74680538727466,
        101.66232277294176,
        116.44882695886844,
        75.21349581407333
    ],
    "b4": [
        84.20720350496784,
        90.26305183378923,
        106.27581803148408,
        73.98723380230516
    ],
    "c4": [
        85.17923392190734,
        79.4550166679077,
        94.46418453565056,
        74.99083213225713
    ],
    "d4": [
        85.87240829748828,
        68.70366945964558,
        80.68403954504703,
        78.01962991459855
    ],
    "e4": [
        86.39153114743365,
        57.25266924462008,
        63.96741187619702,
        83.28525736842306
    ],
    "f4": [
        86.7947840689865,
        43.31732790483697,
        41.133858324931055,
        92.18346957990592
    ],
    "g4": [
        87.11703654746046,
        "CHECK",
        110.66746911810532,
        180.0,
        20.667469118105316
    ],
    "h4": [
        87.38045120460532,
        "CHECK",
        108.92062202393755,
        180.0,
        18.920622023937554
    ],
    "a5": [
        97.25319461272534,
        101.66232277294176,
        116.44882695886844,
        75.21349581407333
    ],
    "b5": [
        95.79279649503216,
        90.26305183378923,
        106.27581803148408,
        73.98723380230516
    ],
    "c5": [
        94.82076607809266,
        79.4550166679077,
        94.46418453565056,
        74.99083213225713
    ],
    "d5": [
        94.12759170251172,
        68.70366945964558,
        80.68403954504703,
        78.01962991459855
    ],
    "e5": [
        93.60846885256635,
        57.25266924462008,
        63.96741187619702,
        83.28525736842306
    ],
    "f5": [
        93.2052159310135,
        43.31732790483697,
        41.133858324931055,
        92.18346957990592
    ],
    "g5": [
        92.88296345253954,
        "CHECK",
        110.66746911810532,
        180.0,
        20.667469118105316
    ],
    "h5": [
        92.61954879539468,
        "CHECK",
        108.92062202393755,
        180.0,
        18.920622023937554
    ],
    "a6": [
        110.89776549883887,
        98.76817126244742,
        114.08612507155395,
        74.68204619089346
    ],
    "b6": [
        106.92751306414704,
        88.08205208040238,
        104.06205533465186,
        74.01999674575052
    ],
    "c6": [
        104.19855402386317,
        77.67883325394813,
        92.32380717440286,
        75.35502607954527
    ],
    "d6": [
        102.21571913413086,
        67.13390545870128,
        78.51170985959939,
        78.62219559910189
    ],
    "e6": [
        100.71312302279104,
        55.707849785434846,
        61.56436422152318,
        84.14348556391167
    ],
    "f6": [
        99.53663575845941,
        41.38468416301323,
        37.77113073899878,
        93.61355342401446
    ],
    "g6": [
        98.59122543222765,
        "CHECK",
        110.47863868432528,
        180.0,
        20.478638684325276
    ],
    "h6": [
        97.81529354676688,
        "CHECK",
        108.77546790944567,
        180.0,
        18.775467909445666
    ],
    "a7": [
        122.47119229084849,
        93.58658570934134,
        109.48326455246665,
        74.10332115687467
    ],
    "b7": [
        116.89623696549337,
        84.0066614931641,
        99.69450058618314,
        74.31216090698095
    ],
    "c7": [
        112.86450812189965,
        74.25980763813901,
        88.0497956179063,
        76.21001202023271
    ],
    "d7": [
        109.84069808396835,
        64.0374293389238,
        74.1127294535893,
        79.92469988533449
    ],
    "e7": [
        107.50086126895285,
        52.569983146911056,
        56.58157988839035,
        85.98840325852069
    ],
    "f7": [
        105.64224645720873,
        37.076889549389264,
        30.112542276817095,
        96.96434727257217
    ],
    "g7": [
        104.13319054886293,
        "CHECK",
        110.11602468370704,
        180.0,
        20.11602468370704
    ],
    "h7": [
        102.88516939970327,
        "CHECK",
        108.49491816389379,
        180.0,
        18.494918163893786
    ],
    "a8": [
        131.698134325565,
        86.88167425044912,
        102.8068267807772,
        74.07484746967191
    ],
    "b8": [
        125.38027220030115,
        78.43398255161887,
        93.24053992726986,
        75.19344262434902
    ],
    "c8": [
        120.55596427550778,
        69.3821669812385,
        81.61073118145177,
        77.77143579978673
    ],