{
    "a1": [
        131.698134325565,
        83.59658660961139,
        102.8068267807772,
        51.4034133903886
    ],
    "b1": [
        122.47119229084849,
        80.25836772376667,
        109.48326455246665,
        54.741632276233325
    ],
    "c1": [
        110.89776549883887,
        77.95693746422302,
        114.08612507155395,
        57.043062535776976
    ],
    "d1": [
        97.25319461272534,
        76.77558652056578,
        116.44882695886844,
        58.22441347943422
    ],
    "e1": [
        82.74680538727468,
        76.77558652056578,
        116.44882695886844,
        58.22441347943422
    ],
    "f1": [
        69.10223450116113,
        77.95693746422302,
        114.08612507155395,
        57.043062535776976
    ],
    "g1": [
        57.52880770915151,
        80.25836772376667,
        109.48326455246665,
        54.741632276233325
    ],
    "h1": [
        48.30186567443501,
        83.59658660961139,
        102.8068267807772,
        51.4034133903886
    ],
    "a2": [
        125.38027220030115,
        88.37973003636506,
        93.24053992726986,
        46.62026996363493
    ],
    "b2": [
        116.89623696549339,
        85.15274970690842,
        99.69450058618314,
        49.84725029309157
    ],
    "c2": [
        106.92751306414705,
        82.96897233267407,
        104.06205533465186,
        52.03102766732593
    ],
    "d2": [
        95.79279649503216,
        81.86209098425796,
        106.27581803148408,
        53.13790901574204
    ],
    "e2": [
        84.20720350496785,
        81.86209098425796,
        106.27581803148408,
        53.13790901574204
    ],
    "f2": [
        73.07248693585295,
        82.96897233267407,
        104.06205533465186,
        52.03102766732593
    ],
    "g2": [
        63.10376303450663,
        85.15274970690842,
        99.69450058618314,
        49.84725029309157
    ],
    "h2": [
        54.61972779969886,
        88.37973003636506,
        93.24053992726986,
        46.62026996363493
    ],
    "a3": [
        120.55596427550776,
        94.19463440927412,
        81.61073118145177,
        40.805365590725884
    ],
    "b3": [
        112.86450812189965,
        90.97510219104686,
        88.0497956179063,
        44.02489780895315
    ],
    "c3": [
        104.19855402386317,
        88.83809641279856,
        92.32380717440286,
        46.16190358720143
    ],
    "d3": [
        94.82076607809266,
        87.76790773217472,
        94.46418453565056,
        47.23209226782528
    ],
    "e3": [
        85.17923392190735,
        87.76790773217472,
        94.46418453565056,
        47.23209226782528
    ],
    "f3": [
        75.80144597613683,
        88.83809641279856,
        92.32380717440286,
        46.16190358720143
    ],
    "g3": [
        67.13549187810035,
        90.97510219104686,
        88.0497956179063,
        44.02489780895315
    ],
    "h3": [
        59.44403572449223,
        94.19463440927412,
        81.61073118145177,
        40.805365590725884
    ],
    "a4": [
        116.80083494695461,
        101.34088098311969,
        67.31823803376064,
        33.65911901688032
    ],
    "b4": [
        109.84069808396835,
        97.94363527320536,
        74.1127294535893,
        37.05636472679465
    ],
    "c4": [
        102.21571913413085,
        95.7441450702003,
        78.51170985959939,
        39.255854929799696
    ],
    "d4": [
        94.12759170251174,
        94.65798022747649,
        80.68403954504703,
        40.342019772523514
    ],
    "e4": [
        85.87240829748828,
        94.65798022747649,
        80.68403954504703,
        40.342019772523514
    ],
    "f4": [
        77.78428086586914,
        95.7441450702003,
        78.51170985959939,
        39.255854929799696
    ],
    "g4": [
        70.15930191603165,
        97.94363527320536,
        74.1127294535893,
        37.05636472679465
    ],
    "h4": [
        63.1991650530454,
        101.34088098311969,
        67.31823803376064,
        33.65911901688032
    ],
    "a5": [
        113.81865049973378,
        110.74984260733075,
        48.5003147853385,
        24.25015739266925
    ],
    "b5": [
        107.50086126895286,
        106.70921005580482,
        56.58157988839035,
        28.290789944195176
    ],
    "c5": [
        100.71312302279104,
        104.2178178892384,
        61.56436422152318,
        30.78218211076159
    ],
    "d5": [
        93.60846885256635,
        103.01629406190149,
        63.96741187619702,
        31.98370593809851
    ],
    "e5": [
        86.39153114743367,
        103.01629406190149,
        63.96741187619702,
        31.98370593809851
    ],
    "f5": [
        79.28687697720896,
        104.2178178892384,
        61.56436422152318,
        30.78218211076159
    ],
    "g5": [
        72.49913873104715,
        106.70921005580482,
        56.58157988839035,
        28.290789944195176
    ],
    "h5": [
        66.18134950026624,
        110.74984260733075,
        48.5003147853385,
        24.25015739266925
    ],
    "a6": [
        111.40517943011854,
        128.83158589695267,
        12.336828206094623,
        6.168414103047311
    ],
    "b6": [
        105.64224645720874,
        119.94372886159145,
        30.112542276817095,
        15.056271138408547
    ],
    "c6": [
        99.53663575845941,
        116.11443463050061,
        37.77113073899878,
        18.88556536949939
    ],
    "d6": [
        93.2052159310135,
        114.43307083753447,
        41.133858324931055,
        20.566929162465527
    ],
    "e6": [
        86.7947840689865,
        114.43307083753447,
        41.133858324931055,
        20.566929162465527
    ],
    "f6": [
        80.4633642415406,
        116.11443463050061,
        37.77113073899878,
        18.88556536949939
    ],
    "g6": [
        74.35775354279127,
        119.94372886159145,
        30.112542276817095,
        15.056271138408547
    ],
    "h6": [
        68.59482056988146,
        128.83158589695267,
        12.336828206094623,
        6.168414103047311
    ],
    "a7": [
        109.41847074206112,
        "CHECK",
        45.0,
        180.0,
        90.0
    ],
    "b7": [
        104.13319054886293,
        "CHECK",
        45.0,
        180.0,
        90.0
    ],
    "c7": [
        98.59122543222765,
        "CHECK",
        45.0,
        180.0,
        90.0
    ],
    "d7": [
        92.88296345253954,
        "CHECK",
        45.0,
        180.0,
        90.0
    ],
    "e7": [
        87.11703654746047,
        "CHECK",
        45.0,
        180.0,
        90.0
    ],
    "f7": [
        81.40877456777235,
        "CHECK",
        45.0,
        180.0,
        90.0
    ],
    "g7": [
        75.86680945113709,
        "CHECK",
        45.0,
        180.0,
        90.0
    ],
    "h7": [
        70.5815292579389,
        "CHECK",
        45.0,
        180.0,
        90.0
    ],
    "a8": [
        107.75825848264269,
        "CHECK",
        45.0,
        180.0,
        90.0
    ],
    "b8": [
        102.88516939970326,
        "CHECK",
        45.0,
        180.0,
        90.0
    ],
    "c8": [
        97.81529354676688,
        "CHECK",
        45.0,
        180.0,
        90.0
    ],
    "d8": [
        92.61954879539468,
        "CHECK",
        45.0,
        180.0,
        90.0
    ],
    "e8": [
        87.38045120460532,
        "CHECK",
        45.0,
        180.0,
        90.0
    ],
    "f8": [
        82.18470645323312,
        "CHECK",
        45.0,
        180.0,
        90.0
    ],
    "g8": [
        77.11483060029674,
        "CHECK",
        45.0,
        180.0,
        90.0
    ],
    "h8": [
        72.24174151735731,
        "CHECK",
        45.0,
        180.0,
        90.0
    ]
}