{
    "a1": [
        131.698134325565,
        93.11832574955088,
        77.1931732192228,
        105.92515253032809
    ],
    "b1": [
        125.38027220030115,
        101.56601744838113,
        86.75946007273014,
        104.80655737565098
    ],
    "c1": [
        120.55596427550778,
        110.6178330187615,
        98.38926881854823,
        102.22856420021327
    ],
    "d1": [
        116.80083494695461,
        120.55583141723075,
        112.68176196623936,
        97.87406945099139
    ],
    "e1": [
        113.81865049973376,
        132.35223629367613,
        131.4996852146615,
        90.85255107901463
    ],
    "f1": [
        111.40517943011852,
        152.47461708511887,
        167.66317179390538,
        74.81144529121349
    ],
    "g1": [
        109.41847074206112,
        "CHECK",
        70.39345521877938,
        0.0,
        160.39345521877937
    ],
    "h1": [
        107.75825848264267,
        "CHECK",
        71.90326041585547,
        0.0,
        161.90326041585547
    ],
    "a2": [
        122.47119229084849,
        86.41341429065866,
        70.51673544753335,
        105.89667884312533
    ],
    "b2": [
        116.89623696549337,
        95.9933385068359,
        80.30549941381686,
        105.68783909301904
    ],
    "c2": [
        112.86450812189965,
        105.74019236186099,
        91.9502043820937,
        103.78998797976729
    ],
    "d2": [
        109.84069808396835,
        115.9625706610762,
        105.8872705464107,
        100.07530011466551
    ],
    "e2": [
        107.50086126895285,
        127.43001685308896,
        123.41842011160968,
        94.01159674147928
    ],
    "f2": [
        105.64224645720873,
        142.92311045061075,
        149.8874577231829,
        83.03565272742783
    ],
    "g2": [
        104.13319054886293,
        "CHECK",
        69.88397531629296,
        0.0,
        159.88397531629295
    ],
    "h2": [
        102.88516939970327,
        "CHECK",
        71.50508183610621,
        0.0,
        161.50508183610623
    ],
    "a3": [
        110.89776549883887,
        81.23182873755258,
        65.91387492844605,
        105.31795380910653
    ],
    "b3": [
        106.92751306414704,
        91.91794791959762,
        75.93794466534814,
        105.98000325424948
    ],
    "c3": [
        104.19855402386317,
        102.32116674605187,
        87.67619282559714,
        104.64497392045473
    ],
    "d3": [
        102.21571913413086,
        112.86609454129872,
        101.48829014040061,
        101.37780440089811
    ],
    "e3": [
        100.71312302279104,
        124.29215021456515,
        118.43563577847682,
        95.85651443608833
    ],
    "f3": [
        99.53663575845941,
        138.61531583698678,
        142.22886926100122,
        86.38644657598554
    ],
    "g3": [
        98.59122543222765,
        "CHECK",
        69.52136131567472,
        0.0,
        159.5213613156747
    ],
    "h3": [
        97.81529354676688,
        "CHECK",
        71.22453209055433,
        0.0,
        161.22453209055433
    ],
    "a4": [
        97.25319461272534,
        78.33767722705824,
        63.55117304113157,
        104.78650418592667
    ],
    "b4": [
        95.79279649503216,
        89.73694816621077,
        73.72418196851592,
        106.01276619769484
    ],
    "c4": [
        94.82076607809266,
        100.5449833320923,
        85.53581546434944,
        105.00916786774286
    ],
    "d4": [
        94.12759170251172,
        111.29633054035442,
        99.31596045495297,
        101.98037008540145
    ],
    "e4": [
        93.60846885256635,
        122.74733075537992,
        116.03258812380298,
        96.71474263157694
    ],
    "f4": [
        93.2052159310135,
        136.682672095163,
        138.86614167506895,
        87.81653042009408
    ],
    "g4": [
        92.88296345253954,
        "CHECK",
        69.33253088189468,
        0.0,
        159.33253088189468
    ],
    "h4": [
        92.61954879539468,
        "CHECK",
        71.07937797606245,
        0.0,
        161.07937797606246
    ],
    "a5": [
        82.74680538727466,
        78.33767722705824,
        63.55117304113157,
        104.78650418592667
    ],
    "b5": [
        84.20720350496784,
        89.73694816621077,
        73.72418196851592,
        106.01276619769484
    ],
    "c5": [
        85.17923392190734,
        100.5449833320923,
        85.53581546434944,
        105.00916786774286
    ],
    "d5": [
        85.87240829748828,
        111.29633054035442,
        99.31596045495297,
        101.98037008540145
    ],
    "e5": [
        86.39153114743365,
        122.74733075537992,
        116.03258812380298,
        96.71474263157694
    ],
    "f5": [
        86.7947840689865,
        136.682672095163,
        138.86614167506895,
        87.81653042009408
    ],
    "g5": [
        87.11703654746046,
        "CHECK",
        69.33253088189468,
        0.0,
        159.33253088189468
    ],
    "h5": [
        87.38045120460532,
        "CHECK",
        71.07937797606245,
        0.0,
        161.07937797606246
    ],
    "a6": [
        69.10223450116113,
        81.23182873755258,
        65.91387492844605,
        105.31795380910653
    ],
    "b6": [
        73.07248693585296,
        91.91794791959762,
        75.93794466534814,
        105.98000325424948
    ],
    "c6": [
        75.80144597613683,
        102.32116674605187,
        87.67619282559714,
        104.64497392045473
    ],
    "d6": [
        77.78428086586914,
        112.86609454129872,
        101.48829014040061,
        101.37780440089811
    ],
    "e6": [
        79.28687697720896,
        124.29215021456515,
        118.43563577847682,
        95.85651443608833
    ],
    "f6": [
        80.46336424154059,
        138.61531583698678,
        142.22886926100122,
        86.38644657598554
    ],
    "g6": [
        81.40877456777235,
        "CHECK",
        69.52136131567472,
        0.0,
        159.5213613156747
    ],
    "h6": [
        82.18470645323312,
        "CHECK",
        71.22453209055433,
        0.0,
        161.22453209055433
    ],
    "a7": [
        57.52880770915151,
        86.41341429065866,
        70.51673544753335,
        105.89667884312533
    ],
    "b7": [
        63.10376303450663,
        95.9933385068359,
        80.30549941381686,
        105.68783909301904
    ],
    "c7": [
        67.13549187810035,
        105.74019236186099,
        91.9502043820937,
        103.78998797976729
    ],
    "d7": [
        70.15930191603165,
        115.9625706610762,
        105.8872705464107,
        100.07530011466551
    ],
    "e7": [
        72.49913873104715,
        127.43001685308896,
        123.41842011160968,
        94.01159674147928
    ],
    "f7": [
        74.35775354279127,
        142.92311045061075,
        149.8874577231829,
        83.03565272742783
    ],
    "g7": [
        75.86680945113707,
        "CHECK",
        69.88397531629296,
        0.0,
        159.88397531629295
    ],
    "h7": [
        77.11483060029673,
        "CHECK",
        71.50508183610621,
        0.0,
        161.50508183610623
    ],
    "a8": [
        48.301865674435,
        93.11832574955088,
        77.1931732192228,
        105.92515253032809
    ],
    "b8": [
        54.61972779969885,
        101.56601744838113,
        86.75946007273014,
        104.80655737565098
    ],
    "c8": [
        59.444035724492224,
        110.6178330187615,
        98.38926881854823,
        102.22856420021327
    ],
    "d8": [
        63.19916505304539,
        120.55583141723075,
        112.68176196623936,
        97.87406945099139
    ],
    "e8": [
        66.18134950026624,
        132.35223629367613,
        131.4996852146615,
        90.85255107901463
    ],
    "f8": [
        68.59482056988148,
        152.47461708511887,
        167.66317179390538,
        74.81144529121349
    ],